,day_num,place,product,price
0,1,Анор Лондо,Целебные травы,11.31
1,2,Анор Лондо,Целебные травы,11.31
2,3,Анор Лондо,Целебные травы,11.31
3,4,Анор Лондо,Целебные травы,12.31
4,5,Анор Лондо,Целебные травы,12.31
5,6,Анор Лондо,Целебные травы,12.31
6,7,Анор Лондо,Целебные травы,11.31
7,8,Анор Лондо,Целебные травы,11.31
8,9,Анор Лондо,Целебные травы,11.31
9,10,Анор Лондо,Целебные травы,12.0
10,11,Анор Лондо,Целебные травы,12.0
11,12,Анор Лондо,Целебные травы,12.0
12,13,Анор Лондо,Целебные травы,11.95
13,14,Анор Лондо,Целебные травы,11.95
14,15,Анор Лондо,Целебные травы,11.95
15,16,Анор Лондо,Целебные травы,12.42
16,17,Анор Лондо,Целебные травы,12.42
17,18,Анор Лондо,Целебные травы,12.42
18,19,Анор Лондо,Целебные травы,11.65
19,20,Анор Лондо,Целебные травы,11.65
20,21,Анор Лондо,Целебные травы,11.65
21,22,Анор Лондо,Целебные травы,12.4
22,23,Анор Лондо,Целебные травы,12.4
23,24,Анор Лондо,Целебные травы,12.4
24,25,Анор Лондо,Целебные травы,11.4
25,26,Анор Лондо,Целебные травы,11.4
26,27,Анор Лондо,Целебные травы,11.4
27,28,Анор Лондо,Целебные травы,12.23
28,29,Анор Лондо,Целебные травы,12.23
29,30,Анор Лондо,Целебные травы,12.23
30,31,Анор Лондо,Целебные травы,12.06
31,32,Анор Лондо,Целебные травы,12.06
32,33,Анор Лондо,Целебные травы,12.06
33,34,Анор Лондо,Целебные травы,12.38
34,35,Анор Лондо,Целебные травы,12.38
35,36,Анор Лондо,Целебные травы,12.38
36,37,Анор Лондо,Целебные травы,11.47
37,38,Анор Лондо,Целебные травы,11.47
38,39,Анор Лондо,Целебные травы,11.47
39,40,Анор Лондо,Целебные травы,11.98
40,41,Анор Лондо,Целебные травы,11.98
41,42,Анор Лондо,Целебные травы,11.98
42,43,Анор Лондо,Целебные травы,11.57
43,44,Анор Лондо,Целебные травы,11.57
44,45,Анор Лондо,Целебные травы,11.57
45,46,Анор Лондо,Целебные травы,12.34
46,47,Анор Лондо,Целебные травы,12.34
47,48,Анор Лондо,Целебные травы,12.34
48,49,Анор Лондо,Целебные травы,12.79
49,50,Анор Лондо,Целебные травы,12.79
50,51,Анор Лондо,Целебные травы,12.79
51,52,Анор Лондо,Целебные травы,12.98
52,53,Анор Лондо,Целебные травы,12.98
53,54,Анор Лондо,Целебные травы,12.98
54,55,Анор Лондо,Целебные травы,12.95
55,56,Анор Лондо,Целебные травы,12.95
56,57,Анор Лондо,Целебные травы,12.95
57,58,Анор Лондо,Целебные травы,12.15
58,59,Анор Лондо,Целебные травы,12.15
59,60,Анор Лондо,Целебные травы,12.15
60,61,Анор Лондо,Целебные травы,12.65
61,62,Анор Лондо,Целебные травы,12.65
62,63,Анор Лондо,Целебные травы,12.65
63,64,Анор Лондо,Целебные травы,12.98
64,65,Анор Лондо,Целебные травы,12.98
65,66,Анор Лондо,Целебные травы,12.98
66,67,Анор Лондо,Целебные травы,12.96
67,68,Анор Лондо,Целебные травы,12.96
68,69,Анор Лондо,Целебные травы,12.96
69,70,Анор Лондо,Целебные травы,13.08
70,71,Анор Лондо,Целебные травы,13.08
71,72,Анор Лондо,Целебные травы,13.08
72,73,Анор Лондо,Целебные травы,13.04
73,74,Анор Лондо,Целебные травы,13.04
74,75,Анор Лондо,Целебные травы,13.04
75,76,Анор Лондо,Целебные травы,12.93
76,77,Анор Лондо,Целебные травы,12.93
77,78,Анор Лондо,Целебные травы,12.93
78,79,Анор Лондо,Целебные травы,12.86
79,80,Анор Лондо,Целебные травы,12.86
80,81,Анор Лондо,Целебные травы,12.86
81,82,Анор Лондо,Целебные травы,12.6
82,83,Анор Лондо,Целебные травы,12.6
83,84,Анор Лондо,Целебные травы,12.6
84,85,Анор Лондо,Целебные травы,12.3
85,86,Анор Лондо,Целебные травы,12.3
86,87,Анор Лондо,Целебные травы,12.3
87,88,Анор Лондо,Целебные травы,13.01
88,89,Анор Лондо,Целебные травы,13.01
89,90,Анор Лондо,Целебные травы,13.01
90,1,Врата Балдура,Целебные травы,19.19
91,2,Врата Балдура,Целебные травы,19.19
92,3,Врата Балдура,Целебные травы,19.19
93,4,Врата Балдура,Целебные травы,19.28
94,5,Врата Балдура,Целебные травы,19.28
95,6,Врата Балдура,Целебные травы,19.28
96,7,Врата Балдура,Целебные травы,19.73
97,8,Врата Балдура,Целебные травы,19.73
98,9,Врата Балдура,Целебные травы,19.73
99,10,Врата Балдура,Целебные травы,19.03
100,11,Врата Балдура,Целебные травы,19.03
101,12,Врата Балдура,Целебные травы,19.03
102,13,Врата Балдура,Целебные травы,19.75
103,14,Врата Балдура,Целебные травы,19.75
104,15,Врата Балдура,Целебные травы,19.75
105,16,Врата Балдура,Целебные травы,19.7
106,17,Врата Балдура,Целебные травы,19.7
107,18,Врата Балдура,Целебные травы,19.7
108,19,Врата Балдура,Целебные травы,19.36
109,20,Врата Балдура,Целебные травы,19.36
110,21,Врата Балдура,Целебные травы,19.36
111,22,Врата Балдура,Целебные травы,19.98
112,23,Врата Балдура,Целебные травы,19.98
113,24,Врата Балдура,Целебные травы,19.98
114,25,Врата Балдура,Целебные травы,19.95
115,26,Врата Балдура,Целебные травы,19.95
116,27,Врата Балдура,Целебные травы,19.95
117,28,Врата Балдура,Целебные травы,19.16
118,29,Врата Балдура,Целебные травы,19.16
119,30,Врата Балдура,Целебные травы,19.16
120,31,Врата Балдура,Целебные травы,19.95
121,32,Врата Балдура,Целебные травы,19.95
122,33,Врата Балдура,Целебные травы,19.95
123,34,Врата Балдура,Целебные травы,19.51
124,35,Врата Балдура,Целебные травы,19.51
125,36,Врата Балдура,Целебные травы,19.51
126,37,Врата Балдура,Целебные травы,19.97
127,38,Врата Балдура,Целебные травы,19.97
128,39,Врата Балдура,Целебные травы,19.97
129,40,Врата Балдура,Целебные травы,19.81
130,41,Врата Балдура,Целебные травы,19.81
131,42,Врата Балдура,Целебные травы,19.81
132,43,Врата Балдура,Целебные травы,19.79
133,44,Врата Балдура,Целебные травы,19.79
134,45,Врата Балдура,Целебные травы,19.79
135,46,Врата Балдура,Целебные травы,19.47
136,47,Врата Балдура,Целебные травы,19.47
137,48,Врата Балдура,Целебные травы,19.47
138,49,Врата Балдура,Целебные травы,19.97
139,50,Врата Балдура,Целебные травы,19.97
140,51,Врата Балдура,Целебные травы,19.97
141,52,Врата Балдура,Целебные травы,19.79
142,53,Врата Балдура,Целебные травы,19.79
143,54,Врата Балдура,Целебные травы,19.79
144,55,Врата Балдура,Целебные травы,19.59
145,56,Врата Балдура,Целебные травы,19.59
146,57,Врата Балдура,Целебные травы,19.59
147,58,Врата Балдура,Целебные травы,20.15
148,59,Врата Балдура,Целебные травы,20.15
149,60,Врата Балдура,Целебные травы,20.15
150,61,Врата Балдура,Целебные травы,20.17
151,62,Врата Балдура,Целебные травы,20.17
152,63,Врата Балдура,Целебные травы,20.17
153,64,Врата Балдура,Целебные травы,20.17
154,65,Врата Балдура,Целебные травы,20.17
155,66,Врата Балдура,Целебные травы,20.17
156,67,Врата Балдура,Целебные травы,19.92
157,68,Врата Балдура,Целебные травы,19.92
158,69,Врата Балдура,Целебные травы,19.92
159,70,Врата Балдура,Целебные травы,19.69
160,71,Врата Балдура,Целебные травы,19.69
161,72,Врата Балдура,Целебные травы,19.69
162,73,Врата Балдура,Целебные травы,19.66
163,74,Врата Балдура,Целебные травы,19.66
164,75,Врата Балдура,Целебные травы,19.66
165,76,Врата Балдура,Целебные травы,20.38
166,77,Врата Балдура,Целебные травы,20.38
167,78,Врата Балдура,Целебные травы,20.38
168,79,Врата Балдура,Целебные травы,20.39
169,80,Врата Балдура,Целебные травы,20.39
170,81,Врата Балдура,Целебные травы,20.39
171,82,Врата Балдура,Целебные травы,20.38
172,83,Врата Балдура,Целебные травы,20.38
173,84,Врата Балдура,Целебные травы,20.38
174,85,Врата Балдура,Целебные травы,20.49
175,86,Врата Балдура,Целебные травы,20.49
176,87,Врата Балдура,Целебные травы,20.49
177,88,Врата Балдура,Целебные травы,20.48
178,89,Врата Балдура,Целебные травы,20.48
179,90,Врата Балдура,Целебные травы,20.48
180,1,Кеджистан,Целебные травы,18.78
181,2,Кеджистан,Целебные травы,18.78
182,3,Кеджистан,Целебные травы,18.78
183,4,Кеджистан,Целебные травы,19.13
184,5,Кеджистан,Целебные травы,19.13
185,6,Кеджистан,Целебные травы,19.13
186,7,Кеджистан,Целебные травы,19.09
187,8,Кеджистан,Целебные травы,19.09
188,9,Кеджистан,Целебные травы,19.09
189,10,Кеджистан,Целебные травы,19.23
190,11,Кеджистан,Целебные травы,19.23
191,12,Кеджистан,Целебные травы,19.23
192,13,Кеджистан,Целебные травы,19.19
193,14,Кеджистан,Целебные травы,19.19
194,15,Кеджистан,Целебные травы,19.19
195,16,Кеджистан,Целебные травы,18.98
196,17,Кеджистан,Целебные травы,18.98
197,18,Кеджистан,Целебные травы,18.98
198,19,Кеджистан,Целебные травы,19.39
199,20,Кеджистан,Целебные травы,19.39
200,21,Кеджистан,Целебные травы,19.39
201,22,Кеджистан,Целебные травы,19.36
202,23,Кеджистан,Целебные травы,19.36
203,24,Кеджистан,Целебные травы,19.36
204,25,Кеджистан,Целебные травы,18.93
205,26,Кеджистан,Целебные травы,18.93
206,27,Кеджистан,Целебные травы,18.93
207,28,Кеджистан,Целебные травы,19.39
208,29,Кеджистан,Целебные травы,19.39
209,30,Кеджистан,Целебные травы,19.39
210,31,Кеджистан,Целебные травы,19.16
211,32,Кеджистан,Целебные травы,19.16
212,33,Кеджистан,Целебные травы,19.16
213,34,Кеджистан,Целебные травы,19.44
214,35,Кеджистан,Целебные травы,19.44
215,36,Кеджистан,Целебные травы,19.44
216,37,Кеджистан,Целебные травы,19.15
217,38,Кеджистан,Целебные травы,19.15
218,39,Кеджистан,Целебные травы,19.15
219,40,Кеджистан,Целебные травы,19.39
220,41,Кеджистан,Целебные травы,19.39
221,42,Кеджистан,Целебные травы,19.39
222,43,Кеджистан,Целебные травы,19.01
223,44,Кеджистан,Целебные травы,19.01
224,45,Кеджистан,Целебные травы,19.01
225,46,Кеджистан,Целебные травы,19.1
226,47,Кеджистан,Целебные травы,19.1
227,48,Кеджистан,Целебные травы,19.1
228,49,Кеджистан,Целебные травы,19.34
229,50,Кеджистан,Целебные травы,19.34
230,51,Кеджистан,Целебные травы,19.34
231,52,Кеджистан,Целебные травы,19.42
232,53,Кеджистан,Целебные травы,19.42
233,54,Кеджистан,Целебные травы,19.42
234,55,Кеджистан,Целебные травы,19.28
235,56,Кеджистан,Целебные травы,19.28
236,57,Кеджистан,Целебные травы,19.28
237,58,Кеджистан,Целебные травы,19.41
238,59,Кеджистан,Целебные травы,19.41
239,60,Кеджистан,Целебные травы,19.41
240,61,Кеджистан,Целебные травы,19.62
241,62,Кеджистан,Целебные травы,19.62
242,63,Кеджистан,Целебные травы,19.62
243,64,Кеджистан,Целебные травы,19.66
244,65,Кеджистан,Целебные травы,19.66
245,66,Кеджистан,Целебные травы,19.66
246,67,Кеджистан,Целебные травы,19.63
247,68,Кеджистан,Целебные травы,19.63
248,69,Кеджистан,Целебные травы,19.63
249,70,Кеджистан,Целебные травы,19.44
250,71,Кеджистан,Целебные травы,19.44
251,72,Кеджистан,Целебные травы,19.44
252,73,Кеджистан,Целебные травы,19.61
253,74,Кеджистан,Целебные травы,19.61
254,75,Кеджистан,Целебные травы,19.61
255,76,Кеджистан,Целебные травы,19.6
256,77,Кеджистан,Целебные травы,19.6
257,78,Кеджистан,Целебные травы,19.6
258,79,Кеджистан,Целебные травы,19.56
259,80,Кеджистан,Целебные травы,19.56
260,81,Кеджистан,Целебные травы,19.56
261,82,Кеджистан,Целебные травы,19.51
262,83,Кеджистан,Целебные травы,19.51
263,84,Кеджистан,Целебные травы,19.51
264,85,Кеджистан,Целебные травы,19.4
265,86,Кеджистан,Целебные травы,19.4
266,87,Кеджистан,Целебные травы,19.4
267,88,Кеджистан,Целебные травы,19.58
268,89,Кеджистан,Целебные травы,19.58
269,90,Кеджистан,Целебные травы,19.58
270,1,Нокрон,Целебные травы,9.8
271,2,Нокрон,Целебные травы,9.8
272,3,Нокрон,Целебные травы,9.8
273,4,Нокрон,Целебные травы,9.93
274,5,Нокрон,Целебные травы,9.93
275,6,Нокрон,Целебные травы,9.93
276,7,Нокрон,Целебные травы,10.4
277,8,Нокрон,Целебные травы,10.4
278,9,Нокрон,Целебные травы,10.4
279,10,Нокрон,Целебные травы,10.4
280,11,Нокрон,Целебные травы,10.4
281,12,Нокрон,Целебные травы,10.4
282,13,Нокрон,Целебные травы,10.39
283,14,Нокрон,Целебные травы,10.39
284,15,Нокрон,Целебные травы,10.39
285,16,Нокрон,Целебные травы,9.53
286,17,Нокрон,Целебные травы,9.53
287,18,Нокрон,Целебные травы,9.53
288,19,Нокрон,Целебные травы,9.85
289,20,Нокрон,Целебные травы,9.85
290,21,Нокрон,Целебные травы,9.85
291,22,Нокрон,Целебные травы,10.39
292,23,Нокрон,Целебные травы,10.39
293,24,Нокрон,Целебные травы,10.39
294,25,Нокрон,Целебные травы,10.39
295,26,Нокрон,Целебные травы,10.39
296,27,Нокрон,Целебные травы,10.39
297,28,Нокрон,Целебные травы,10.41
298,29,Нокрон,Целебные травы,10.41
299,30,Нокрон,Целебные травы,10.41
300,31,Нокрон,Целебные травы,9.91
301,32,Нокрон,Целебные травы,9.91
302,33,Нокрон,Целебные травы,9.91
303,34,Нокрон,Целебные травы,10.37
304,35,Нокрон,Целебные травы,10.37
305,36,Нокрон,Целебные травы,10.37
306,37,Нокрон,Целебные травы,10.15
307,38,Нокрон,Целебные травы,10.15
308,39,Нокрон,Целебные травы,10.15
309,40,Нокрон,Целебные травы,10.39
310,41,Нокрон,Целебные травы,10.39
311,42,Нокрон,Целебные травы,10.39
312,43,Нокрон,Целебные травы,9.77
313,44,Нокрон,Целебные травы,9.77
314,45,Нокрон,Целебные травы,9.77
315,46,Нокрон,Целебные травы,10.35
316,47,Нокрон,Целебные травы,10.35
317,48,Нокрон,Целебные травы,10.35
318,49,Нокрон,Целебные травы,10.02
319,50,Нокрон,Целебные травы,10.02
320,51,Нокрон,Целебные травы,10.02
321,52,Нокрон,Целебные травы,10.14
322,53,Нокрон,Целебные травы,10.14
323,54,Нокрон,Целебные травы,10.14
324,55,Нокрон,Целебные травы,10.38
325,56,Нокрон,Целебные травы,10.38
326,57,Нокрон,Целебные травы,10.38
327,58,Нокрон,Целебные травы,10.15
328,59,Нокрон,Целебные травы,10.15
329,60,Нокрон,Целебные травы,10.15
330,61,Нокрон,Целебные травы,9.96
331,62,Нокрон,Целебные травы,9.96
332,63,Нокрон,Целебные травы,9.96
333,64,Нокрон,Целебные травы,10.22
334,65,Нокрон,Целебные травы,10.22
335,66,Нокрон,Целебные травы,10.22
336,67,Нокрон,Целебные травы,10.51
337,68,Нокрон,Целебные травы,10.51
338,69,Нокрон,Целебные травы,10.51
339,70,Нокрон,Целебные травы,10.48
340,71,Нокрон,Целебные травы,10.48
341,72,Нокрон,Целебные травы,10.48
342,73,Нокрон,Целебные травы,9.92
343,74,Нокрон,Целебные травы,9.92
344,75,Нокрон,Целебные травы,9.92
345,76,Нокрон,Целебные травы,10.17
346,77,Нокрон,Целебные травы,10.17
347,78,Нокрон,Целебные травы,10.17
348,79,Нокрон,Целебные травы,10.14
349,80,Нокрон,Целебные травы,10.14
350,81,Нокрон,Целебные травы,10.14
351,82,Нокрон,Целебные травы,10.23
352,83,Нокрон,Целебные травы,10.23
353,84,Нокрон,Целебные травы,10.23
354,85,Нокрон,Целебные травы,10.56
355,86,Нокрон,Целебные травы,10.56
356,87,Нокрон,Целебные травы,10.56
357,88,Нокрон,Целебные травы,10.54
358,89,Нокрон,Целебные травы,10.54
359,90,Нокрон,Целебные травы,10.54
360,1,Фалькония,Целебные травы,15.77
361,2,Фалькония,Целебные травы,15.77
362,3,Фалькония,Целебные травы,15.77
363,4,Фалькония,Целебные травы,16.77
364,5,Фалькония,Целебные травы,16.77
365,6,Фалькония,Целебные травы,16.77
366,7,Фалькония,Целебные травы,17.26
367,8,Фалькония,Целебные травы,17.26
368,9,Фалькония,Целебные травы,17.26
369,10,Фалькония,Целебные травы,17.05
370,11,Фалькония,Целебные травы,17.05
371,12,Фалькония,Целебные травы,17.05
372,13,Фалькония,Целебные травы,17.14
373,14,Фалькония,Целебные травы,17.14
374,15,Фалькония,Целебные травы,17.14
375,16,Фалькония,Целебные травы,17.19
376,17,Фалькония,Целебные травы,17.19
377,18,Фалькония,Целебные травы,17.19
378,19,Фалькония,Целебные травы,16.41
379,20,Фалькония,Целебные травы,16.41
380,21,Фалькония,Целебные травы,16.41
381,22,Фалькония,Целебные травы,17.25
382,23,Фалькония,Целебные травы,17.25
383,24,Фалькония,Целебные травы,17.25
384,25,Фалькония,Целебные травы,16.86
385,26,Фалькония,Целебные травы,16.86
386,27,Фалькония,Целебные травы,16.86
387,28,Фалькония,Целебные травы,17.02
388,29,Фалькония,Целебные травы,17.02
389,30,Фалькония,Целебные травы,17.02
390,31,Фалькония,Целебные травы,16.65
391,32,Фалькония,Целебные травы,16.65
392,33,Фалькония,Целебные травы,16.65
393,34,Фалькония,Целебные травы,17.25
394,35,Фалькония,Целебные травы,17.25
395,36,Фалькония,Целебные травы,17.25
396,37,Фалькония,Целебные травы,17.5
397,38,Фалькония,Целебные травы,17.5
398,39,Фалькония,Целебные травы,17.5
399,40,Фалькония,Целебные травы,17.29
400,41,Фалькония,Целебные травы,17.29
401,42,Фалькония,Целебные травы,17.29
402,43,Фалькония,Целебные травы,17.38
403,44,Фалькония,Целебные травы,17.38
404,45,Фалькония,Целебные травы,17.38
405,46,Фалькония,Целебные травы,17.43
406,47,Фалькония,Целебные травы,17.43
407,48,Фалькония,Целебные травы,17.43
408,49,Фалькония,Целебные травы,16.62
409,50,Фалькония,Целебные травы,16.62
410,51,Фалькония,Целебные травы,16.62
411,52,Фалькония,Целебные травы,17.47
412,53,Фалькония,Целебные травы,17.47
413,54,Фалькония,Целебные травы,17.47
414,55,Фалькония,Целебные травы,17.08
415,56,Фалькония,Целебные травы,17.08
416,57,Фалькония,Целебные травы,17.08
417,58,Фалькония,Целебные травы,17.23
418,59,Фалькония,Целебные травы,17.23
419,60,Фалькония,Целебные травы,17.23
420,61,Фалькония,Целебные травы,16.85
421,62,Фалькония,Целебные травы,16.85
422,63,Фалькония,Целебные травы,16.85
423,64,Фалькония,Целебные травы,17.46
424,65,Фалькония,Целебные травы,17.46
425,66,Фалькония,Целебные травы,17.46
426,67,Фалькония,Целебные травы,17.71
427,68,Фалькония,Целебные травы,17.71
428,69,Фалькония,Целебные травы,17.71
429,70,Фалькония,Целебные травы,17.49
430,71,Фалькония,Целебные травы,17.49
431,72,Фалькония,Целебные травы,17.49
432,73,Фалькония,Целебные травы,17.58
433,74,Фалькония,Целебные травы,17.58
434,75,Фалькония,Целебные травы,17.58
435,76,Фалькония,Целебные травы,17.63
436,77,Фалькония,Целебные травы,17.63
437,78,Фалькония,Целебные травы,17.63
438,79,Фалькония,Целебные травы,16.81
439,80,Фалькония,Целебные травы,16.81
440,81,Фалькония,Целебные травы,16.81
441,82,Фалькония,Целебные травы,17.66
442,83,Фалькония,Целебные травы,17.66
443,84,Фалькония,Целебные травы,17.66
444,85,Фалькония,Целебные травы,17.27
445,86,Фалькония,Целебные травы,17.27
446,87,Фалькония,Целебные травы,17.27
447,88,Фалькония,Целебные травы,17.42
448,89,Фалькония,Целебные травы,17.42
449,90,Фалькония,Целебные травы,17.42
450,1,Анор Лондо,Эльфийская пыльца,25.44
451,2,Анор Лондо,Эльфийская пыльца,25.44
452,3,Анор Лондо,Эльфийская пыльца,25.44
453,4,Анор Лондо,Эльфийская пыльца,26.06
454,5,Анор Лондо,Эльфийская пыльца,26.06
455,6,Анор Лондо,Эльфийская пыльца,26.06
456,7,Анор Лондо,Эльфийская пыльца,25.99
457,8,Анор Лондо,Эльфийская пыльца,25.99
458,9,Анор Лондо,Эльфийская пыльца,25.99
459,10,Анор Лондо,Эльфийская пыльца,26.09
460,11,Анор Лондо,Эльфийская пыльца,26.09
461,12,Анор Лондо,Эльфийская пыльца,26.09
462,13,Анор Лондо,Эльфийская пыльца,26.3
463,14,Анор Лондо,Эльфийская пыльца,26.3
464,15,Анор Лондо,Эльфийская пыльца,26.3
465,16,Анор Лондо,Эльфийская пыльца,26.17
466,17,Анор Лондо,Эльфийская пыльца,26.17
467,18,Анор Лондо,Эльфийская пыльца,26.17
468,19,Анор Лондо,Эльфийская пыльца,26.17
469,20,Анор Лондо,Эльфийская пыльца,26.17
470,21,Анор Лондо,Эльфийская пыльца,26.17
471,22,Анор Лондо,Эльфийская пыльца,26.32
472,23,Анор Лондо,Эльфийская пыльца,26.32
473,24,Анор Лондо,Эльфийская пыльца,26.32
474,25,Анор Лондо,Эльфийская пыльца,25.32
475,26,Анор Лондо,Эльфийская пыльца,25.32
476,27,Анор Лондо,Эльфийская пыльца,25.32
477,28,Анор Лондо,Эльфийская пыльца,26.32
478,29,Анор Лондо,Эльфийская пыльца,26.32
479,30,Анор Лондо,Эльфийская пыльца,26.32
480,31,Анор Лондо,Эльфийская пыльца,25.32
481,32,Анор Лондо,Эльфийская пыльца,25.32
482,33,Анор Лондо,Эльфийская пыльца,25.32
483,34,Анор Лондо,Эльфийская пыльца,26.3
484,35,Анор Лондо,Эльфийская пыльца,26.3
485,36,Анор Лондо,Эльфийская пыльца,26.3
486,37,Анор Лондо,Эльфийская пыльца,26.22
487,38,Анор Лондо,Эльфийская пыльца,26.22
488,39,Анор Лондо,Эльфийская пыльца,26.22
489,40,Анор Лондо,Эльфийская пыльца,26.64
490,41,Анор Лондо,Эльфийская пыльца,26.64
491,42,Анор Лондо,Эльфийская пыльца,26.64
492,43,Анор Лондо,Эльфийская пыльца,26.57
493,44,Анор Лондо,Эльфийская пыльца,26.57
494,45,Анор Лондо,Эльфийская пыльца,26.57
495,46,Анор Лондо,Эльфийская пыльца,26.43
496,47,Анор Лондо,Эльфийская пыльца,26.43
497,48,Анор Лондо,Эльфийская пыльца,26.43
498,49,Анор Лондо,Эльфийская пыльца,25.73
499,50,Анор Лондо,Эльфийская пыльца,25.73
500,51,Анор Лондо,Эльфийская пыльца,25.73
501,52,Анор Лондо,Эльфийская пыльца,25.84
502,53,Анор Лондо,Эльфийская пыльца,25.84
503,54,Анор Лондо,Эльфийская пыльца,25.84
504,55,Анор Лондо,Эльфийская пыльца,25.86
505,56,Анор Лондо,Эльфийская пыльца,25.86
506,57,Анор Лондо,Эльфийская пыльца,25.86
507,58,Анор Лондо,Эльфийская пыльца,26.41
508,59,Анор Лондо,Эльфийская пыльца,26.41
509,60,Анор Лондо,Эльфийская пыльца,26.41
510,61,Анор Лондо,Эльфийская пыльца,25.41
511,62,Анор Лондо,Эльфийская пыльца,25.41
512,63,Анор Лондо,Эльфийская пыльца,25.41
513,64,Анор Лондо,Эльфийская пыльца,25.79
514,65,Анор Лондо,Эльфийская пыльца,25.79
515,66,Анор Лондо,Эльфийская пыльца,25.79
516,67,Анор Лондо,Эльфийская пыльца,24.89
517,68,Анор Лондо,Эльфийская пыльца,24.89
518,69,Анор Лондо,Эльфийская пыльца,24.89
519,70,Анор Лондо,Эльфийская пыльца,25.83
520,71,Анор Лондо,Эльфийская пыльца,25.83
521,72,Анор Лондо,Эльфийская пыльца,25.83
522,73,Анор Лондо,Эльфийская пыльца,26.31
523,74,Анор Лондо,Эльфийская пыльца,26.31
524,75,Анор Лондо,Эльфийская пыльца,26.31
525,76,Анор Лондо,Эльфийская пыльца,25.55
526,77,Анор Лондо,Эльфийская пыльца,25.55
527,78,Анор Лондо,Эльфийская пыльца,25.55
528,79,Анор Лондо,Эльфийская пыльца,25.73
529,80,Анор Лондо,Эльфийская пыльца,25.73
530,81,Анор Лондо,Эльфийская пыльца,25.73
531,82,Анор Лондо,Эльфийская пыльца,26.18
532,83,Анор Лондо,Эльфийская пыльца,26.18
533,84,Анор Лондо,Эльфийская пыльца,26.18
534,85,Анор Лондо,Эльфийская пыльца,26.11
535,86,Анор Лондо,Эльфийская пыльца,26.11
536,87,Анор Лондо,Эльфийская пыльца,26.11
537,88,Анор Лондо,Эльфийская пыльца,25.96
538,89,Анор Лондо,Эльфийская пыльца,25.96
539,90,Анор Лондо,Эльфийская пыльца,25.96
540,1,Врата Балдура,Эльфийская пыльца,31.2
541,2,Врата Балдура,Эльфийская пыльца,31.2
542,3,Врата Балдура,Эльфийская пыльца,31.2
543,4,Врата Балдура,Эльфийская пыльца,31.28
544,5,Врата Балдура,Эльфийская пыльца,31.28
545,6,Врата Балдура,Эльфийская пыльца,31.28
546,7,Врата Балдура,Эльфийская пыльца,31.24
547,8,Врата Балдура,Эльфийская пыльца,31.24
548,9,Врата Балдура,Эльфийская пыльца,31.24
549,10,Врата Балдура,Эльфийская пыльца,31.52
550,11,Врата Балдура,Эльфийская пыльца,31.52
551,12,Врата Балдура,Эльфийская пыльца,31.52
552,13,Врата Балдура,Эльфийская пыльца,31.2
553,14,Врата Балдура,Эльфийская пыльца,31.2
554,15,Врата Балдура,Эльфийская пыльца,31.2
555,16,Врата Балдура,Эльфийская пыльца,31.17
556,17,Врата Балдура,Эльфийская пыльца,31.17
557,18,Врата Балдура,Эльфийская пыльца,31.17
558,19,Врата Балдура,Эльфийская пыльца,31.23
559,20,Врата Балдура,Эльфийская пыльца,31.23
560,21,Врата Балдура,Эльфийская пыльца,31.23
561,22,Врата Балдура,Эльфийская пыльца,31.86
562,23,Врата Балдура,Эльфийская пыльца,31.86
563,24,Врата Балдура,Эльфийская пыльца,31.86
564,25,Врата Балдура,Эльфийская пыльца,31.57
565,26,Врата Балдура,Эльфийская пыльца,31.57
566,27,Врата Балдура,Эльфийская пыльца,31.57
567,28,Врата Балдура,Эльфийская пыльца,31.8
568,29,Врата Балдура,Эльфийская пыльца,31.8
569,30,Врата Балдура,Эльфийская пыльца,31.8
570,31,Врата Балдура,Эльфийская пыльца,32.05
571,32,Врата Балдура,Эльфийская пыльца,32.05
572,33,Врата Балдура,Эльфийская пыльца,32.05
573,34,Врата Балдура,Эльфийская пыльца,32.1
574,35,Врата Балдура,Эльфийская пыльца,32.1
575,36,Врата Балдура,Эльфийская пыльца,32.1
576,37,Врата Балдура,Эльфийская пыльца,32.06
577,38,Врата Балдура,Эльфийская пыльца,32.06
578,39,Врата Балдура,Эльфийская пыльца,32.06
579,40,Врата Балдура,Эльфийская пыльца,32.32
580,41,Врата Балдура,Эльфийская пыльца,32.32
581,42,Врата Балдура,Эльфийская пыльца,32.32
582,43,Врата Балдура,Эльфийская пыльца,31.98
583,44,Врата Балдура,Эльфийская пыльца,31.98
584,45,Врата Балдура,Эльфийская пыльца,31.98
585,46,Врата Балдура,Эльфийская пыльца,31.95
586,47,Врата Балдура,Эльфийская пыльца,31.95
587,48,Врата Балдура,Эльфийская пыльца,31.95
588,49,Врата Балдура,Эльфийская пыльца,31.99
589,50,Врата Балдура,Эльфийская пыльца,31.99
590,51,Врата Балдура,Эльфийская пыльца,31.99
591,52,Врата Балдура,Эльфийская пыльца,32.61
592,53,Врата Балдура,Эльфийская пыльца,32.61
593,54,Врата Балдура,Эльфийская пыльца,32.61
594,55,Врата Балдура,Эльфийская пыльца,32.31
595,56,Врата Балдура,Эльфийская пыльца,32.31
596,57,Врата Балдура,Эльфийская пыльца,32.31
597,58,Врата Балдура,Эльфийская пыльца,32.53
598,59,Врата Балдура,Эльфийская пыльца,32.53
599,60,Врата Балдура,Эльфийская пыльца,32.53
600,61,Врата Балдура,Эльфийская пыльца,32.77
601,62,Врата Балдура,Эльфийская пыльца,32.77
602,63,Врата Балдура,Эльфийская пыльца,32.77
603,64,Врата Балдура,Эльфийская пыльца,32.81
604,65,Врата Балдура,Эльфийская пыльца,32.81
605,66,Врата Балдура,Эльфийская пыльца,32.81
606,67,Врата Балдура,Эльфийская пыльца,32.76
607,68,Врата Балдура,Эльфийская пыльца,32.76
608,69,Врата Балдура,Эльфийская пыльца,32.76
609,70,Врата Балдура,Эльфийская пыльца,33.01
610,71,Врата Балдура,Эльфийская пыльца,33.01
611,72,Врата Балдура,Эльфийская пыльца,33.01
612,73,Врата Балдура,Эльфийская пыльца,32.66
613,74,Врата Балдура,Эльфийская пыльца,32.66
614,75,Врата Балдура,Эльфийская пыльца,32.66
615,76,Врата Балдура,Эльфийская пыльца,32.62
616,77,Врата Балдура,Эльфийская пыльца,32.62
617,78,Врата Балдура,Эльфийская пыльца,32.62
618,79,Врата Балдура,Эльфийская пыльца,32.65
619,80,Врата Балдура,Эльфийская пыльца,32.65
620,81,Врата Балдура,Эльфийская пыльца,32.65
621,82,Врата Балдура,Эльфийская пыльца,33.25
622,83,Врата Балдура,Эльфийская пыльца,33.25
623,84,Врата Балдура,Эльфийская пыльца,33.25
624,85,Врата Балдура,Эльфийская пыльца,32.94
625,86,Врата Балдура,Эльфийская пыльца,32.94
626,87,Врата Балдура,Эльфийская пыльца,32.94
627,88,Врата Балдура,Эльфийская пыльца,33.16
628,89,Врата Балдура,Эльфийская пыльца,33.16
629,90,Врата Балдура,Эльфийская пыльца,33.16
630,1,Кеджистан,Эльфийская пыльца,36.65
631,2,Кеджистан,Эльфийская пыльца,36.65
632,3,Кеджистан,Эльфийская пыльца,36.65
633,4,Кеджистан,Эльфийская пыльца,37.01
634,5,Кеджистан,Эльфийская пыльца,37.01
635,6,Кеджистан,Эльфийская пыльца,37.01
636,7,Кеджистан,Эльфийская пыльца,36.85
637,8,Кеджистан,Эльфийская пыльца,36.85
638,9,Кеджистан,Эльфийская пыльца,36.85
639,10,Кеджистан,Эльфийская пыльца,36.91
640,11,Кеджистан,Эльфийская пыльца,36.91
641,12,Кеджистан,Эльфийская пыльца,36.91
642,13,Кеджистан,Эльфийская пыльца,36.89
643,14,Кеджистан,Эльфийская пыльца,36.89
644,15,Кеджистан,Эльфийская пыльца,36.89
645,16,Кеджистан,Эльфийская пыльца,36.98
646,17,Кеджистан,Эльфийская пыльца,36.98
647,18,Кеджистан,Эльфийская пыльца,36.98
648,19,Кеджистан,Эльфийская пыльца,36.9
649,20,Кеджистан,Эльфийская пыльца,36.9
650,21,Кеджистан,Эльфийская пыльца,36.9
651,22,Кеджистан,Эльфийская пыльца,37.0
652,23,Кеджистан,Эльфийская пыльца,37.0
653,24,Кеджистан,Эльфийская пыльца,37.0
654,25,Кеджистан,Эльфийская пыльца,36.83
655,26,Кеджистан,Эльфийская пыльца,36.83
656,27,Кеджистан,Эльфийская пыльца,36.83
657,28,Кеджистан,Эльфийская пыльца,36.92
658,29,Кеджистан,Эльфийская пыльца,36.92
659,30,Кеджистан,Эльфийская пыльца,36.92
660,31,Кеджистан,Эльфийская пыльца,36.95
661,32,Кеджистан,Эльфийская пыльца,36.95
662,33,Кеджистан,Эльфийская пыльца,36.95
663,34,Кеджистан,Эльфийская пыльца,37.01
664,35,Кеджистан,Эльфийская пыльца,37.01
665,36,Кеджистан,Эльфийская пыльца,37.01
666,37,Кеджистан,Эльфийская пыльца,36.74
667,38,Кеджистан,Эльфийская пыльца,36.74
668,39,Кеджистан,Эльфийская пыльца,36.74
669,40,Кеджистан,Эльфийская пыльца,37.13
670,41,Кеджистан,Эльфийская пыльца,37.13
671,42,Кеджистан,Эльфийская пыльца,37.13
672,43,Кеджистан,Эльфийская пыльца,37.03
673,44,Кеджистан,Эльфийская пыльца,37.03
674,45,Кеджистан,Эльфийская пыльца,37.03
675,46,Кеджистан,Эльфийская пыльца,37.32
676,47,Кеджистан,Эльфийская пыльца,37.32
677,48,Кеджистан,Эльфийская пыльца,37.32
678,49,Кеджистан,Эльфийская пыльца,36.91
679,50,Кеджистан,Эльфийская пыльца,36.91
680,51,Кеджистан,Эльфийская пыльца,36.91
681,52,Кеджистан,Эльфийская пыльца,37.46
682,53,Кеджистан,Эльфийская пыльца,37.46
683,54,Кеджистан,Эльфийская пыльца,37.46
684,55,Кеджистан,Эльфийская пыльца,37.41
685,56,Кеджистан,Эльфийская пыльца,37.41
686,57,Кеджистан,Эльфийская пыльца,37.41
687,58,Кеджистан,Эльфийская пыльца,37.35
688,59,Кеджистан,Эльфийская пыльца,37.35
689,60,Кеджистан,Эльфийская пыльца,37.35
690,61,Кеджистан,Эльфийская пыльца,37.41
691,62,Кеджистан,Эльфийская пыльца,37.41
692,63,Кеджистан,Эльфийская пыльца,37.41
693,64,Кеджистан,Эльфийская пыльца,37.54
694,65,Кеджистан,Эльфийская пыльца,37.54
695,66,Кеджистан,Эльфийская пыльца,37.54
696,67,Кеджистан,Эльфийская пыльца,37.5
697,68,Кеджистан,Эльфийская пыльца,37.5
698,69,Кеджистан,Эльфийская пыльца,37.5
699,70,Кеджистан,Эльфийская пыльца,37.02
700,71,Кеджистан,Эльфийская пыльца,37.02
701,72,Кеджистан,Эльфийская пыльца,37.02
702,73,Кеджистан,Эльфийская пыльца,37.0
703,74,Кеджистан,Эльфийская пыльца,37.0
704,75,Кеджистан,Эльфийская пыльца,37.0
705,76,Кеджистан,Эльфийская пыльца,37.27
706,77,Кеджистан,Эльфийская пыльца,37.27
707,78,Кеджистан,Эльфийская пыльца,37.27
708,79,Кеджистан,Эльфийская пыльца,37.4
709,80,Кеджистан,Эльфийская пыльца,37.4
710,81,Кеджистан,Эльфийская пыльца,37.4
711,82,Кеджистан,Эльфийская пыльца,37.38
712,83,Кеджистан,Эльфийская пыльца,37.38
713,84,Кеджистан,Эльфийская пыльца,37.38
714,85,Кеджистан,Эльфийская пыльца,37.02
715,86,Кеджистан,Эльфийская пыльца,37.02
716,87,Кеджистан,Эльфийская пыльца,37.02
717,88,Кеджистан,Эльфийская пыльца,37.01
718,89,Кеджистан,Эльфийская пыльца,37.01
719,90,Кеджистан,Эльфийская пыльца,37.01
720,1,Нокрон,Эльфийская пыльца,18.91
721,2,Нокрон,Эльфийская пыльца,18.91
722,3,Нокрон,Эльфийская пыльца,18.91
723,4,Нокрон,Эльфийская пыльца,19.91
724,5,Нокрон,Эльфийская пыльца,19.91
725,6,Нокрон,Эльфийская пыльца,19.91
726,7,Нокрон,Эльфийская пыльца,20.8
727,8,Нокрон,Эльфийская пыльца,20.8
728,9,Нокрон,Эльфийская пыльца,20.8
729,10,Нокрон,Эльфийская пыльца,20.76
730,11,Нокрон,Эльфийская пыльца,20.76
731,12,Нокрон,Эльфийская пыльца,20.76
732,13,Нокрон,Эльфийская пыльца,20.33
733,14,Нокрон,Эльфийская пыльца,20.33
734,15,Нокрон,Эльфийская пыльца,20.33
735,16,Нокрон,Эльфийская пыльца,21.05
736,17,Нокрон,Эльфийская пыльца,21.05
737,18,Нокрон,Эльфийская пыльца,21.05
738,19,Нокрон,Эльфийская пыльца,20.49
739,20,Нокрон,Эльфийская пыльца,20.49
740,21,Нокрон,Эльфийская пыльца,20.49
741,22,Нокрон,Эльфийская пыльца,20.92
742,23,Нокрон,Эльфийская пыльца,20.92
743,24,Нокрон,Эльфийская пыльца,20.92
744,25,Нокрон,Эльфийская пыльца,21.01
745,26,Нокрон,Эльфийская пыльца,21.01
746,27,Нокрон,Эльфийская пыльца,21.01
747,28,Нокрон,Эльфийская пыльца,21.03
748,29,Нокрон,Эльфийская пыльца,21.03
749,30,Нокрон,Эльфийская пыльца,21.03
750,31,Нокрон,Эльфийская пыльца,20.76
751,32,Нокрон,Эльфийская пыльца,20.76
752,33,Нокрон,Эльфийская пыльца,20.76
753,34,Нокрон,Эльфийская пыльца,21.21
754,35,Нокрон,Эльфийская пыльца,21.21
755,36,Нокрон,Эльфийская пыльца,21.21
756,37,Нокрон,Эльфийская пыльца,21.02
757,38,Нокрон,Эльфийская пыльца,21.02
758,39,Нокрон,Эльфийская пыльца,21.02
759,40,Нокрон,Эльфийская пыльца,21.17
760,41,Нокрон,Эльфийская пыльца,21.17
761,42,Нокрон,Эльфийская пыльца,21.17
762,43,Нокрон,Эльфийская пыльца,20.67
763,44,Нокрон,Эльфийская пыльца,20.67
764,45,Нокрон,Эльфийская пыльца,20.67
765,46,Нокрон,Эльфийская пыльца,21.06
766,47,Нокрон,Эльфийская пыльца,21.06
767,48,Нокрон,Эльфийская пыльца,21.06
768,49,Нокрон,Эльфийская пыльца,21.27
769,50,Нокрон,Эльфийская пыльца,21.27
770,51,Нокрон,Эльфийская пыльца,21.27
771,52,Нокрон,Эльфийская пыльца,20.9
772,53,Нокрон,Эльфийская пыльца,20.9
773,54,Нокрон,Эльфийская пыльца,20.9
774,55,Нокрон,Эльфийская пыльца,21.25
775,56,Нокрон,Эльфийская пыльца,21.25
776,57,Нокрон,Эльфийская пыльца,21.25
777,58,Нокрон,Эльфийская пыльца,21.25
778,59,Нокрон,Эльфийская пыльца,21.25
779,60,Нокрон,Эльфийская пыльца,21.25
780,61,Нокрон,Эльфийская пыльца,21.01
781,62,Нокрон,Эльфийская пыльца,21.01
782,63,Нокрон,Эльфийская пыльца,21.01
783,64,Нокрон,Эльфийская пыльца,21.23
784,65,Нокрон,Эльфийская пыльца,21.23
785,66,Нокрон,Эльфийская пыльца,21.23
786,67,Нокрон,Эльфийская пыльца,21.42
787,68,Нокрон,Эльфийская пыльца,21.42
788,69,Нокрон,Эльфийская пыльца,21.42
789,70,Нокрон,Эльфийская пыльца,21.45
790,71,Нокрон,Эльфийская пыльца,21.45
791,72,Нокрон,Эльфийская пыльца,21.45
792,73,Нокрон,Эльфийская пыльца,21.27
793,74,Нокрон,Эльфийская пыльца,21.27
794,75,Нокрон,Эльфийская пыльца,21.27
795,76,Нокрон,Эльфийская пыльца,21.31
796,77,Нокрон,Эльфийская пыльца,21.31
797,78,Нокрон,Эльфийская пыльца,21.31
798,79,Нокрон,Эльфийская пыльца,21.42
799,80,Нокрон,Эльфийская пыльца,21.42
800,81,Нокрон,Эльфийская пыльца,21.42
801,82,Нокрон,Эльфийская пыльца,21.37
802,83,Нокрон,Эльфийская пыльца,21.37
803,84,Нокрон,Эльфийская пыльца,21.37
804,85,Нокрон,Эльфийская пыльца,21.43
805,86,Нокрон,Эльфийская пыльца,21.43
806,87,Нокрон,Эльфийская пыльца,21.43
807,88,Нокрон,Эльфийская пыльца,21.57
808,89,Нокрон,Эльфийская пыльца,21.57
809,90,Нокрон,Эльфийская пыльца,21.57
810,1,Фалькония,Эльфийская пыльца,23.99
811,2,Фалькония,Эльфийская пыльца,23.99
812,3,Фалькония,Эльфийская пыльца,23.99
813,4,Фалькония,Эльфийская пыльца,24.65
814,5,Фалькония,Эльфийская пыльца,24.65
815,6,Фалькония,Эльфийская пыльца,24.65
816,7,Фалькония,Эльфийская пыльца,24.19
817,8,Фалькония,Эльфийская пыльца,24.19
818,9,Фалькония,Эльфийская пыльца,24.19
819,10,Фалькония,Эльфийская пыльца,25.12
820,11,Фалькония,Эльфийская пыльца,25.12
821,12,Фалькония,Эльфийская пыльца,25.12
822,13,Фалькония,Эльфийская пыльца,24.75
823,14,Фалькония,Эльфийская пыльца,24.75
824,15,Фалькония,Эльфийская пыльца,24.75
825,16,Фалькония,Эльфийская пыльца,25.17
826,17,Фалькония,Эльфийская пыльца,25.17
827,18,Фалькония,Эльфийская пыльца,25.17
828,19,Фалькония,Эльфийская пыльца,24.33
829,20,Фалькония,Эльфийская пыльца,24.33
830,21,Фалькония,Эльфийская пыльца,24.33
831,22,Фалькония,Эльфийская пыльца,24.89
832,23,Фалькония,Эльфийская пыльца,24.89
833,24,Фалькония,Эльфийская пыльца,24.89
834,25,Фалькония,Эльфийская пыльца,24.84
835,26,Фалькония,Эльфийская пыльца,24.84
836,27,Фалькония,Эльфийская пыльца,24.84
837,28,Фалькония,Эльфийская пыльца,25.3
838,29,Фалькония,Эльфийская пыльца,25.3
839,30,Фалькония,Эльфийская пыльца,25.3
840,31,Фалькония,Эльфийская пыльца,25.02
841,32,Фалькония,Эльфийская пыльца,25.02
842,33,Фалькония,Эльфийская пыльца,25.02
843,34,Фалькония,Эльфийская пыльца,25.01
844,35,Фалькония,Эльфийская пыльца,25.01
845,36,Фалькония,Эльфийская пыльца,25.01
846,37,Фалькония,Эльфийская пыльца,24.01
847,38,Фалькония,Эльфийская пыльца,24.01
848,39,Фалькония,Эльфийская пыльца,24.01
849,40,Фалькония,Эльфийская пыльца,25.01
850,41,Фалькония,Эльфийская пыльца,25.01
851,42,Фалькония,Эльфийская пыльца,25.01
852,43,Фалькония,Эльфийская пыльца,25.18
853,44,Фалькония,Эльфийская пыльца,25.18
854,45,Фалькония,Эльфийская пыльца,25.18
855,46,Фалькония,Эльфийская пыльца,24.21
856,47,Фалькония,Эльфийская пыльца,24.21
857,48,Фалькония,Эльфийская пыльца,24.21
858,49,Фалькония,Эльфийская пыльца,25.07
859,50,Фалькония,Эльфийская пыльца,25.07
860,51,Фалькония,Эльфийская пыльца,25.07
861,52,Фалькония,Эльфийская пыльца,24.84
862,53,Фалькония,Эльфийская пыльца,24.84
863,54,Фалькония,Эльфийская пыльца,24.84
864,55,Фалькония,Эльфийская пыльца,25.42
865,56,Фалькония,Эльфийская пыльца,25.42
866,57,Фалькония,Эльфийская пыльца,25.42
867,58,Фалькония,Эльфийская пыльца,25.04
868,59,Фалькония,Эльфийская пыльца,25.04
869,60,Фалькония,Эльфийская пыльца,25.04
870,61,Фалькония,Эльфийская пыльца,25.71
871,62,Фалькония,Эльфийская пыльца,25.71
872,63,Фалькония,Эльфийская пыльца,25.71
873,64,Фалькония,Эльфийская пыльца,25.31
874,65,Фалькония,Эльфийская пыльца,25.31
875,66,Фалькония,Эльфийская пыльца,25.31
876,67,Фалькония,Эльфийская пыльца,24.85
877,68,Фалькония,Эльфийская пыльца,24.85
878,69,Фалькония,Эльфийская пыльца,24.85
879,70,Фалькония,Эльфийская пыльца,25.77
880,71,Фалькония,Эльфийская пыльца,25.77
881,72,Фалькония,Эльфийская пыльца,25.77
882,73,Фалькония,Эльфийская пыльца,25.39
883,74,Фалькония,Эльфийская пыльца,25.39
884,75,Фалькония,Эльфийская пыльца,25.39
885,76,Фалькония,Эльфийская пыльца,25.8
886,77,Фалькония,Эльфийская пыльца,25.8
887,78,Фалькония,Эльфийская пыльца,25.8
888,79,Фалькония,Эльфийская пыльца,24.95
889,80,Фалькония,Эльфийская пыльца,24.95
890,81,Фалькония,Эльфийская пыльца,24.95
891,82,Фалькония,Эльфийская пыльца,25.5
892,83,Фалькония,Эльфийская пыльца,25.5
893,84,Фалькония,Эльфийская пыльца,25.5
894,85,Фалькония,Эльфийская пыльца,25.45
895,86,Фалькония,Эльфийская пыльца,25.45
896,87,Фалькония,Эльфийская пыльца,25.45
897,88,Фалькония,Эльфийская пыльца,25.89
898,89,Фалькония,Эльфийская пыльца,25.89
899,90,Фалькония,Эльфийская пыльца,25.89
900,1,Анор Лондо,Эстус,14.06
901,2,Анор Лондо,Эстус,14.06
902,3,Анор Лондо,Эстус,14.06
903,4,Анор Лондо,Эстус,13.06
904,5,Анор Лондо,Эстус,13.06
905,6,Анор Лондо,Эстус,13.06
906,7,Анор Лондо,Эстус,14.06
907,8,Анор Лондо,Эстус,14.06
908,9,Анор Лондо,Эстус,14.06
909,10,Анор Лондо,Эстус,13.5
910,11,Анор Лондо,Эстус,13.5
911,12,Анор Лондо,Эстус,13.5
912,13,Анор Лондо,Эстус,14.5
913,14,Анор Лондо,Эстус,14.5
914,15,Анор Лондо,Эстус,14.5
915,16,Анор Лондо,Эстус,13.5
916,17,Анор Лондо,Эстус,13.5
917,18,Анор Лондо,Эстус,13.5
918,19,Анор Лондо,Эстус,14.5
919,20,Анор Лондо,Эстус,14.5
920,21,Анор Лондо,Эстус,14.5
921,22,Анор Лондо,Эстус,15.5
922,23,Анор Лондо,Эстус,15.5
923,24,Анор Лондо,Эстус,15.5
924,25,Анор Лондо,Эстус,16.5
925,26,Анор Лондо,Эстус,16.5
926,27,Анор Лондо,Эстус,16.5
927,28,Анор Лондо,Эстус,17.48
928,29,Анор Лондо,Эстус,17.48
929,30,Анор Лондо,Эстус,17.48
930,31,Анор Лондо,Эстус,17.98
931,32,Анор Лондо,Эстус,17.98
932,33,Анор Лондо,Эстус,17.98
933,34,Анор Лондо,Эстус,16.98
934,35,Анор Лондо,Эстус,16.98
935,36,Анор Лондо,Эстус,16.98
936,37,Анор Лондо,Эстус,17.59
937,38,Анор Лондо,Эстус,17.59
938,39,Анор Лондо,Эстус,17.59
939,40,Анор Лондо,Эстус,17.76
940,41,Анор Лондо,Эстус,17.76
941,42,Анор Лондо,Эстус,17.76
942,43,Анор Лондо,Эстус,17.66
943,44,Анор Лондо,Эстус,17.66
944,45,Анор Лондо,Эстус,17.66
945,46,Анор Лондо,Эстус,16.66
946,47,Анор Лондо,Эстус,16.66
947,48,Анор Лондо,Эстус,16.66
948,49,Анор Лондо,Эстус,15.83
949,50,Анор Лондо,Эстус,15.83
950,51,Анор Лондо,Эстус,15.83
951,52,Анор Лондо,Эстус,16.83
952,53,Анор Лондо,Эстус,16.83
953,54,Анор Лондо,Эстус,16.83
954,55,Анор Лондо,Эстус,15.83
955,56,Анор Лондо,Эстус,15.83
956,57,Анор Лондо,Эстус,15.83
957,58,Анор Лондо,Эстус,16.83
958,59,Анор Лондо,Эстус,16.83
959,60,Анор Лондо,Эстус,16.83
960,61,Анор Лондо,Эстус,15.83
961,62,Анор Лондо,Эстус,15.83
962,63,Анор Лондо,Эстус,15.83
963,64,Анор Лондо,Эстус,16.83
964,65,Анор Лондо,Эстус,16.83
965,66,Анор Лондо,Эстус,16.83
966,67,Анор Лондо,Эстус,17.3
967,68,Анор Лондо,Эстус,17.3
968,69,Анор Лондо,Эстус,17.3
969,70,Анор Лондо,Эстус,16.3
970,71,Анор Лондо,Эстус,16.3
971,72,Анор Лондо,Эстус,16.3
972,73,Анор Лондо,Эстус,15.3
973,74,Анор Лондо,Эстус,15.3
974,75,Анор Лондо,Эстус,15.3
975,76,Анор Лондо,Эстус,14.85
976,77,Анор Лондо,Эстус,14.85
977,78,Анор Лондо,Эстус,14.85
978,79,Анор Лондо,Эстус,15.85
979,80,Анор Лондо,Эстус,15.85
980,81,Анор Лондо,Эстус,15.85
981,82,Анор Лондо,Эстус,16.85
982,83,Анор Лондо,Эстус,16.85
983,84,Анор Лондо,Эстус,16.85
984,85,Анор Лондо,Эстус,16.63
985,86,Анор Лондо,Эстус,16.63
986,87,Анор Лондо,Эстус,16.63
987,88,Анор Лондо,Эстус,16.55
988,89,Анор Лондо,Эстус,16.55
989,90,Анор Лондо,Эстус,16.55
990,1,Врата Балдура,Эстус,24.46
991,2,Врата Балдура,Эстус,24.46
992,3,Врата Балдура,Эстус,24.46
993,4,Врата Балдура,Эстус,24.49
994,5,Врата Балдура,Эстус,24.49
995,6,Врата Балдура,Эстус,24.49
996,7,Врата Балдура,Эстус,24.15
997,8,Врата Балдура,Эстус,24.15
998,9,Врата Балдура,Эстус,24.15
999,10,Врата Балдура,Эстус,24.93
1000,11,Врата Балдура,Эстус,24.93
1001,12,Врата Балдура,Эстус,24.93
1002,13,Врата Балдура,Эстус,25.01
1003,14,Врата Балдура,Эстус,25.01
1004,15,Врата Балдура,Эстус,25.01
1005,16,Врата Балдура,Эстус,25.13
1006,17,Врата Балдура,Эстус,25.13
1007,18,Врата Балдура,Эстус,25.13
1008,19,Врата Балдура,Эстус,25.45
1009,20,Врата Балдура,Эстус,25.45
1010,21,Врата Балдура,Эстус,25.45
1011,22,Врата Балдура,Эстус,25.57
1012,23,Врата Балдура,Эстус,25.57
1013,24,Врата Балдура,Эстус,25.57
1014,25,Врата Балдура,Эстус,25.49
1015,26,Врата Балдура,Эстус,25.49
1016,27,Врата Балдура,Эстус,25.49
1017,28,Врата Балдура,Эстус,25.3
1018,29,Врата Балдура,Эстус,25.3
1019,30,Врата Балдура,Эстус,25.3
1020,31,Врата Балдура,Эстус,25.29
1021,32,Врата Балдура,Эстус,25.29
1022,33,Врата Балдура,Эстус,25.29
1023,34,Врата Балдура,Эстус,25.38
1024,35,Врата Балдура,Эстус,25.38
1025,36,Врата Балдура,Эстус,25.38
1026,37,Врата Балдура,Эстус,25.32
1027,38,Врата Балдура,Эстус,25.32
1028,39,Врата Балдура,Эстус,25.32
1029,40,Врата Балдура,Эстус,25.54
1030,41,Врата Балдура,Эстус,25.54
1031,42,Врата Балдура,Эстус,25.54
1032,43,Врата Балдура,Эстус,25.36
1033,44,Врата Балдура,Эстус,25.36
1034,45,Врата Балдура,Эстус,25.36
1035,46,Врата Балдура,Эстус,25.27
1036,47,Врата Балдура,Эстус,25.27
1037,48,Врата Балдура,Эстус,25.27
1038,49,Врата Балдура,Эстус,25.39
1039,50,Врата Балдура,Эстус,25.39
1040,51,Врата Балдура,Эстус,25.39
1041,52,Врата Балдура,Эстус,25.29
1042,53,Врата Балдура,Эстус,25.29
1043,54,Врата Балдура,Эстус,25.29
1044,55,Врата Балдура,Эстус,25.81
1045,56,Врата Балдура,Эстус,25.81
1046,57,Врата Балдура,Эстус,25.81
1047,58,Врата Балдура,Эстус,25.82
1048,59,Врата Балдура,Эстус,25.82
1049,60,Врата Балдура,Эстус,25.82
1050,61,Врата Балдура,Эстус,25.76
1051,62,Врата Балдура,Эстус,25.76
1052,63,Врата Балдура,Эстус,25.76
1053,64,Врата Балдура,Эстус,25.79
1054,65,Врата Балдура,Эстус,25.79
1055,66,Врата Балдура,Эстус,25.79
1056,67,Врата Балдура,Эстус,25.81
1057,68,Врата Балдура,Эстус,25.81
1058,69,Врата Балдура,Эстус,25.81
1059,70,Врата Балдура,Эстус,25.7
1060,71,Врата Балдура,Эстус,25.7
1061,72,Врата Балдура,Эстус,25.7
1062,73,Врата Балдура,Эстус,25.67
1063,74,Врата Балдура,Эстус,25.67
1064,75,Врата Балдура,Эстус,25.67
1065,76,Врата Балдура,Эстус,24.86
1066,77,Врата Балдура,Эстус,24.86
1067,78,Врата Балдура,Эстус,24.86
1068,79,Врата Балдура,Эстус,25.86
1069,80,Врата Балдура,Эстус,25.86
1070,81,Врата Балдура,Эстус,25.86
1071,82,Врата Балдура,Эстус,25.86
1072,83,Врата Балдура,Эстус,25.86
1073,84,Врата Балдура,Эстус,25.86
1074,85,Врата Балдура,Эстус,25.84
1075,86,Врата Балдура,Эстус,25.84
1076,87,Врата Балдура,Эстус,25.84
1077,88,Врата Балдура,Эстус,25.82
1078,89,Врата Балдура,Эстус,25.82
1079,90,Врата Балдура,Эстус,25.82
1080,1,Кеджистан,Эстус,31.01
1081,2,Кеджистан,Эстус,31.01
1082,3,Кеджистан,Эстус,31.01
1083,4,Кеджистан,Эстус,30.1
1084,5,Кеджистан,Эстус,30.1
1085,6,Кеджистан,Эстус,30.1
1086,7,Кеджистан,Эстус,31.1
1087,8,Кеджистан,Эстус,31.1
1088,9,Кеджистан,Эстус,31.1
1089,10,Кеджистан,Эстус,32.1
1090,11,Кеджистан,Эстус,32.1
1091,12,Кеджистан,Эстус,32.1
1092,13,Кеджистан,Эстус,32.34
1093,14,Кеджистан,Эстус,32.34
1094,15,Кеджистан,Эстус,32.34
1095,16,Кеджистан,Эстус,32.54
1096,17,Кеджистан,Эстус,32.54
1097,18,Кеджистан,Эстус,32.54
1098,19,Кеджистан,Эстус,32.72
1099,20,Кеджистан,Эстус,32.72
1100,21,Кеджистан,Эстус,32.72
1101,22,Кеджистан,Эстус,32.71
1102,23,Кеджистан,Эстус,32.71
1103,24,Кеджистан,Эстус,32.71
1104,25,Кеджистан,Эстус,32.62
1105,26,Кеджистан,Эстус,32.62
1106,27,Кеджистан,Эстус,32.62
1107,28,Кеджистан,Эстус,32.8
1108,29,Кеджистан,Эстус,32.8
1109,30,Кеджистан,Эстус,32.8
1110,31,Кеджистан,Эстус,33.39
1111,32,Кеджистан,Эстус,33.39
1112,33,Кеджистан,Эстус,33.39
1113,34,Кеджистан,Эстус,33.13
1114,35,Кеджистан,Эстус,33.13
1115,36,Кеджистан,Эстус,33.13
1116,37,Кеджистан,Эстус,32.51
1117,38,Кеджистан,Эстус,32.51
1118,39,Кеджистан,Эстус,32.51
1119,40,Кеджистан,Эстус,33.5
1120,41,Кеджистан,Эстус,33.5
1121,42,Кеджистан,Эстус,33.5
1122,43,Кеджистан,Эстус,33.46
1123,44,Кеджистан,Эстус,33.46
1124,45,Кеджистан,Эстус,33.46
1125,46,Кеджистан,Эстус,33.43
1126,47,Кеджистан,Эстус,33.43
1127,48,Кеджистан,Эстус,33.43
1128,49,Кеджистан,Эстус,32.79
1129,50,Кеджистан,Эстус,32.79
1130,51,Кеджистан,Эстус,32.79
1131,52,Кеджистан,Эстус,32.59
1132,53,Кеджистан,Эстус,32.59
1133,54,Кеджистан,Эстус,32.59
1134,55,Кеджистан,Эстус,32.08
1135,56,Кеджистан,Эстус,32.08
1136,57,Кеджистан,Эстус,32.08
1137,58,Кеджистан,Эстус,33.08
1138,59,Кеджистан,Эстус,33.08
1139,60,Кеджистан,Эстус,33.08
1140,61,Кеджистан,Эстус,33.28
1141,62,Кеджистан,Эстус,33.28
1142,63,Кеджистан,Эстус,33.28
1143,64,Кеджистан,Эстус,33.61
1144,65,Кеджистан,Эстус,33.61
1145,66,Кеджистан,Эстус,33.61
1146,67,Кеджистан,Эстус,33.23
1147,68,Кеджистан,Эстус,33.23
1148,69,Кеджистан,Эстус,33.23
1149,70,Кеджистан,Эстус,33.35
1150,71,Кеджистан,Эстус,33.35
1151,72,Кеджистан,Эстус,33.35
1152,73,Кеджистан,Эстус,32.35
1153,74,Кеджистан,Эстус,32.35
1154,75,Кеджистан,Эстус,32.35
1155,76,Кеджистан,Эстус,33.35
1156,77,Кеджистан,Эстус,33.35
1157,78,Кеджистан,Эстус,33.35
1158,79,Кеджистан,Эстус,32.96
1159,80,Кеджистан,Эстус,32.96
1160,81,Кеджистан,Эстус,32.96
1161,82,Кеджистан,Эстус,32.91
1162,83,Кеджистан,Эстус,32.91
1163,84,Кеджистан,Эстус,32.91
1164,85,Кеджистан,Эстус,32.71
1165,86,Кеджистан,Эстус,32.71
1166,87,Кеджистан,Эстус,32.71
1167,88,Кеджистан,Эстус,32.98
1168,89,Кеджистан,Эстус,32.98
1169,90,Кеджистан,Эстус,32.98
1170,1,Нокрон,Эстус,12.63
1171,2,Нокрон,Эстус,12.63
1172,3,Нокрон,Эстус,12.63
1173,4,Нокрон,Эстус,12.86
1174,5,Нокрон,Эстус,12.86
1175,6,Нокрон,Эстус,12.86
1176,7,Нокрон,Эстус,12.95
1177,8,Нокрон,Эстус,12.95
1178,9,Нокрон,Эстус,12.95
1179,10,Нокрон,Эстус,13.01
1180,11,Нокрон,Эстус,13.01
1181,12,Нокрон,Эстус,13.01
1182,13,Нокрон,Эстус,13.01
1183,14,Нокрон,Эстус,13.01
1184,15,Нокрон,Эстус,13.01
1185,16,Нокрон,Эстус,12.7
1186,17,Нокрон,Эстус,12.7
1187,18,Нокрон,Эстус,12.7
1188,19,Нокрон,Эстус,13.2
1189,20,Нокрон,Эстус,13.2
1190,21,Нокрон,Эстус,13.2
1191,22,Нокрон,Эстус,12.71
1192,23,Нокрон,Эстус,12.71
1193,24,Нокрон,Эстус,12.71
1194,25,Нокрон,Эстус,12.51
1195,26,Нокрон,Эстус,12.51
1196,27,Нокрон,Эстус,12.51
1197,28,Нокрон,Эстус,13.08
1198,29,Нокрон,Эстус,13.08
1199,30,Нокрон,Эстус,13.08
1200,31,Нокрон,Эстус,13.2
1201,32,Нокрон,Эстус,13.2
1202,33,Нокрон,Эстус,13.2
1203,34,Нокрон,Эстус,13.18
1204,35,Нокрон,Эстус,13.18
1205,36,Нокрон,Эстус,13.18
1206,37,Нокрон,Эстус,13.18
1207,38,Нокрон,Эстус,13.18
1208,39,Нокрон,Эстус,13.18
1209,40,Нокрон,Эстус,13.19
1210,41,Нокрон,Эстус,13.19
1211,42,Нокрон,Эстус,13.19
1212,43,Нокрон,Эстус,13.06
1213,44,Нокрон,Эстус,13.06
1214,45,Нокрон,Эстус,13.06
1215,46,Нокрон,Эстус,13.19
1216,47,Нокрон,Эстус,13.19
1217,48,Нокрон,Эстус,13.19
1218,49,Нокрон,Эстус,13.2
1219,50,Нокрон,Эстус,13.2
1220,51,Нокрон,Эстус,13.2
1221,52,Нокрон,Эстус,13.22
1222,53,Нокрон,Эстус,13.22
1223,54,Нокрон,Эстус,13.22
1224,55,Нокрон,Эстус,13.15
1225,56,Нокрон,Эстус,13.15
1226,57,Нокрон,Эстус,13.15
1227,58,Нокрон,Эстус,13.12
1228,59,Нокрон,Эстус,13.12
1229,60,Нокрон,Эстус,13.12
1230,61,Нокрон,Эстус,13.13
1231,62,Нокрон,Эстус,13.13
1232,63,Нокрон,Эстус,13.13
1233,64,Нокрон,Эстус,13.1
1234,65,Нокрон,Эстус,13.1
1235,66,Нокрон,Эстус,13.1
1236,67,Нокрон,Эстус,13.49
1237,68,Нокрон,Эстус,13.49
1238,69,Нокрон,Эстус,13.49
1239,70,Нокрон,Эстус,13.43
1240,71,Нокрон,Эстус,13.43
1241,72,Нокрон,Эстус,13.43
1242,73,Нокрон,Эстус,13.51
1243,74,Нокрон,Эстус,13.51
1244,75,Нокрон,Эстус,13.51
1245,76,Нокрон,Эстус,13.61
1246,77,Нокрон,Эстус,13.61
1247,78,Нокрон,Эстус,13.61
1248,79,Нокрон,Эстус,13.6
1249,80,Нокрон,Эстус,13.6
1250,81,Нокрон,Эстус,13.6
1251,82,Нокрон,Эстус,13.51
1252,83,Нокрон,Эстус,13.51
1253,84,Нокрон,Эстус,13.51
1254,85,Нокрон,Эстус,13.5
1255,86,Нокрон,Эстус,13.5
1256,87,Нокрон,Эстус,13.5
1257,88,Нокрон,Эстус,13.54
1258,89,Нокрон,Эстус,13.54
1259,90,Нокрон,Эстус,13.54
1260,1,Фалькония,Эстус,17.65
1261,2,Фалькония,Эстус,17.65
1262,3,Фалькония,Эстус,17.65
1263,4,Фалькония,Эстус,17.91
1264,5,Фалькония,Эстус,17.91
1265,6,Фалькония,Эстус,17.91
1266,7,Фалькония,Эстус,17.9
1267,8,Фалькония,Эстус,17.9
1268,9,Фалькония,Эстус,17.9
1269,10,Фалькония,Эстус,17.86
1270,11,Фалькония,Эстус,17.86
1271,12,Фалькония,Эстус,17.86
1272,13,Фалькония,Эстус,17.81
1273,14,Фалькония,Эстус,17.81
1274,15,Фалькония,Эстус,17.81
1275,16,Фалькония,Эстус,17.98
1276,17,Фалькония,Эстус,17.98
1277,18,Фалькония,Эстус,17.98
1278,19,Фалькония,Эстус,18.0
1279,20,Фалькония,Эстус,18.0
1280,21,Фалькония,Эстус,18.0
1281,22,Фалькония,Эстус,17.61
1282,23,Фалькония,Эстус,17.61
1283,24,Фалькония,Эстус,17.61
1284,25,Фалькония,Эстус,17.82
1285,26,Фалькония,Эстус,17.82
1286,27,Фалькония,Эстус,17.82
1287,28,Фалькония,Эстус,17.41
1288,29,Фалькония,Эстус,17.41
1289,30,Фалькония,Эстус,17.41
1290,31,Фалькония,Эстус,18.12
1291,32,Фалькония,Эстус,18.12
1292,33,Фалькония,Эстус,18.12
1293,34,Фалькония,Эстус,18.13
1294,35,Фалькония,Эстус,18.13
1295,36,Фалькония,Эстус,18.13
1296,37,Фалькония,Эстус,18.12
1297,38,Фалькония,Эстус,18.12
1298,39,Фалькония,Эстус,18.12
1299,40,Фалькония,Эстус,17.81
1300,41,Фалькония,Эстус,17.81
1301,42,Фалькония,Эстус,17.81
1302,43,Фалькония,Эстус,18.11
1303,44,Фалькония,Эстус,18.11
1304,45,Фалькония,Эстус,18.11
1305,46,Фалькония,Эстус,18.08
1306,47,Фалькония,Эстус,18.08
1307,48,Фалькония,Эстус,18.08
1308,49,Фалькония,Эстус,18.24
1309,50,Фалькония,Эстус,18.24
1310,51,Фалькония,Эстус,18.24
1311,52,Фалькония,Эстус,18.24
1312,53,Фалькония,Эстус,18.24
1313,54,Фалькония,Эстус,18.24
1314,55,Фалькония,Эстус,18.0
1315,56,Фалькония,Эстус,18.0
1316,57,Фалькония,Эстус,18.0
1317,58,Фалькония,Эстус,18.32
1318,59,Фалькония,Эстус,18.32
1319,60,Фалькония,Эстус,18.32
1320,61,Фалькония,Эстус,18.15
1321,62,Фалькония,Эстус,18.15
1322,63,Фалькония,Эстус,18.15
1323,64,Фалькония,Эстус,18.21
1324,65,Фалькония,Эстус,18.21
1325,66,Фалькония,Эстус,18.21
1326,67,Фалькония,Эстус,18.41
1327,68,Фалькония,Эстус,18.41
1328,69,Фалькония,Эстус,18.41
1329,70,Фалькония,Эстус,18.07
1330,71,Фалькония,Эстус,18.07
1331,72,Фалькония,Эстус,18.07
1332,73,Фалькония,Эстус,18.39
1333,74,Фалькония,Эстус,18.39
1334,75,Фалькония,Эстус,18.39
1335,76,Фалькония,Эстус,18.29
1336,77,Фалькония,Эстус,18.29
1337,78,Фалькония,Эстус,18.29
1338,79,Фалькония,Эстус,18.38
1339,80,Фалькония,Эстус,18.38
1340,81,Фалькония,Эстус,18.38
1341,82,Фалькония,Эстус,18.51
1342,83,Фалькония,Эстус,18.51
1343,84,Фалькония,Эстус,18.51
1344,85,Фалькония,Эстус,18.19
1345,86,Фалькония,Эстус,18.19
1346,87,Фалькония,Эстус,18.19
1347,88,Фалькония,Эстус,18.51
1348,89,Фалькония,Эстус,18.51
1349,90,Фалькония,Эстус,18.51
